Query_ID	Target_ID	Optimal_offset	p-value	E-value	q-value	Overlap	Query_consensus	Target_consensus	Orientation
GGGRATTYCCC	MA0107.1	0	2.90771e-09	5.25715e-06	1.05116e-05	10	GGGAATTTCCC	GGGAATTTCC	+
GGGRATTYCCC	MA0101.1	0	1.36617e-06	0.00247003	0.0024694	10	GGGAATTTCCC	GGGGATTTCC	+
GGGRATTYCCC	NFKB2_DBD	1	3.42176e-06	0.00618655	0.00309248	11	GGGAATTTCCC	AGGGGATTCCCCT	+
GGGRATTYCCC	MA0778.1	1	3.42176e-06	0.00618655	0.00309248	11	GGGAATTTCCC	AGGGGATTCCCCT	+
GGGRATTYCCC	NFKB1_DBD	1	9.39022e-06	0.0169775	0.0034425	11	GGGAATTTCCC	AGGGGATTCCCCT	-
GGGRATTYCCC	MA0105.4	1	9.39022e-06	0.0169775	0.0034425	11	GGGAATTTCCC	AGGGGATTCCCCT	-
GGGRATTYCCC	MA1117.1	-2	0.000272258	0.492242	0.0757102	9	GGGAATTTCCC	GAATTCCCCGG	+
RTGASTCA	UP00103_2	4	2.11979e-09	3.83258e-06	7.5439e-06	8	ATGAGTCA	ATTGATGAGTCACCAA	+
RTGASTCA	MA1144.1	0	2.71612e-08	4.91074e-05	2.77202e-05	8	ATGAGTCA	ATGAGTCATC	-
RTGASTCA	MA0476.1	1	3.62149e-08	6.54766e-05	2.77202e-05	8	ATGAGTCA	AATGAGTCACA	-
RTGASTCA	JDP2_DBD_1	0	3.63496e-08	6.57201e-05	2.77202e-05	8	ATGAGTCA	ATGAGTCAT	-
RTGASTCA	MA1134.1	1	4.52686e-08	8.18457e-05	2.77202e-05	8	ATGAGTCA	GATGAGTCATCC	+
RTGASTCA	MA1135.1	0	5.45244e-08	9.85802e-05	2.77202e-05	8	ATGAGTCA	ATGAGTCATC	-
RTGASTCA	MA1138.1	0	5.45244e-08	9.85802e-05	2.77202e-05	8	ATGAGTCA	ATGAGTCATC	-
RTGASTCA	MA0491.1	1	1.33181e-07	0.000240792	5.92456e-05	8	ATGAGTCA	GATGAGTCACC	-
RTGASTCA	JDP2_full_1	0	1.95435e-07	0.000353347	6.32285e-05	8	ATGAGTCA	ATGAGTCAT	-
RTGASTCA	MA0655.1	0	1.95435e-07	0.000353347	6.32285e-05	8	ATGAGTCA	ATGAGTCAT	-
RTGASTCA	MA0489.1	5	4.06128e-07	0.000734279	0.000111179	8	ATGAGTCA	AGGAGATGACTCAT	+
RTGASTCA	Jdp2_DBD_1	0	4.4416e-07	0.000803042	0.000112905	8	ATGAGTCA	ATGAGTCAT	-
RTGASTCA	MA0478.1	2	8.8832e-07	0.00160608	0.000155355	8	ATGAGTCA	GGATGACTCAT	+
RTGASTCA	MA0490.1	2	8.8832e-07	0.00160608	0.000155355	8	ATGAGTCA	GGATGACTCAT	+
RTGASTCA	MA0099.3	0	9.16733e-07	0.00165745	0.000155355	8	ATGAGTCA	ATGAGTCATC	+
RTGASTCA	MA1142.1	0	1.55949e-06	0.00281956	0.000205623	8	ATGAGTCA	ATGAGTCATC	-
RTGASTCA	NFE2_DBD	1	1.61781e-06	0.00292499	0.000205623	8	ATGAGTCA	GATGAGTCATG	-
RTGASTCA	MA0462.1	3	1.61781e-06	0.00292499	0.000205623	8	ATGAGTCA	GAAATGACTCA	+
RTGASTCA	MA0841.1	1	1.61781e-06	0.00292499	0.000205623	8	ATGAGTCA	GATGAGTCATG	-
RTGASTCA	MA1137.1	2	1.83346e-06	0.0033149	0.000224997	8	ATGAGTCA	GTATGAGTCATCA	-
RTGASTCA	MA1130.1	2	2.02226e-06	0.00365624	0.000232155	8	ATGAGTCA	GGATGAGTCATC	+
RTGASTCA	MA0477.1	1	3.93396e-06	0.0071126	0.000411769	8	ATGAGTCA	CATGAGTCACC	-
RTGASTCA	MA1141.1	2	5.90094e-06	0.0106689	0.000567574	8	ATGAGTCA	GGATGAGTCATCG	+
RTGASTCA	MA1128.1	2	7.15857e-06	0.0129427	0.000670418	8	ATGAGTCA	GGATGAGTCATCA	-
RTGASTCA	MA0591.1	3	7.86791e-06	0.0142252	0.000717956	8	ATGAGTCA	AGGATGACTCAGCAC	+
RTGASTCA	MA1132.1	0	9.5069e-06	0.0171885	0.000808757	8	ATGAGTCA	ATGAGTCATC	-
RTGASTCA	MA0150.2	4	9.54475e-06	0.0172569	0.000808757	8	ATGAGTCA	CAGCATGACTCAGCA	+
RTGASTCA	MA0501.1	0	9.54475e-06	0.0172569	0.000808757	8	ATGAGTCA	ATGACTCAGCAATTT	+
RTGASTCA	MA1101.1	1	4.03476e-05	0.0729484	0.00276132	8	ATGAGTCA	GATGACTCAGCAAT	+
TTGTCAWTTTRYMAMTCTGGTSAA	NFIX_full_4	0	0.000243602	0.440433	0.880866	15	TTGTCATTTTGCCACTCTGGTCAA	TTGGCAATTTGCCAG	-

# Tomtom (Motif Comparison Tool): Version 5.0.0 compiled on Jun  8 2018 at 00:22:36
# The format of this file is described at http://meme-suite.org//doc/tomtom-output-format.html.
# /home/meme/meme_5.0.0/bin/tomtom -verbosity 1 -oc meme_tomtom_out -min-overlap 5 -dist pearson -evalue -thresh 1 -no-ssc meme_out/meme.xml db/EUKARYOTE/jolma2013.meme db/JASPAR/JASPAR2018_CORE_vertebrates_non-redundant.meme db/MOUSE/uniprobe_mouse.meme
