motif_id	motif_alt_id	sequence_name	start	stop	strand	score	p-value	q-value	matched_sequence
GGGRATTYCCC	MEME-1	chr1	1215318	1215328	-	18.4815	2.47e-07	0.000918	GGGAATTTCCC
GGGRATTYCCC	MEME-1	chr17	9389260	9389270	+	18.4815	2.47e-07	0.000918	GGGAATTTCCC
GGGRATTYCCC	MEME-1	chr19	38899940	38899950	+	18.4815	2.47e-07	0.000918	GGGAATTTCCC
GGGRATTYCCC	MEME-1	chr2	64204358	64204368	+	18.4815	2.47e-07	0.000918	GGGAATTTCCC
GGGRATTYCCC	MEME-1	chr2	64204420	64204430	+	18.4815	2.47e-07	0.000918	GGGAATTTCCC
GGGRATTYCCC	MEME-1	chr12	104930791	104930801	+	18.4815	2.47e-07	0.000918	GGGAATTTCCC
GGGRATTYCCC	MEME-1	chr5	151094235	151094245	+	18.4815	2.47e-07	0.000918	GGGAATTTCCC
GGGRATTYCCC	MEME-1	chr1	234987824	234987834	+	18.4815	2.47e-07	0.000918	GGGAATTTCCC
GGGRATTYCCC	MEME-1	chr2	28681403	28681413	-	17.5556	5.69e-07	0.00154	GGGGATTTCCC
GGGRATTYCCC	MEME-1	chr7	155815470	155815480	-	17.5556	5.69e-07	0.00154	GGGGATTTCCC
GGGRATTYCCC	MEME-1	chr19	42121906	42121916	+	17.5556	5.69e-07	0.00154	GGGGATTTCCC
GGGRATTYCCC	MEME-1	chr2	55134032	55134042	+	17.5309	7.59e-07	0.00161	GGGAATTTCCA
GGGRATTYCCC	MEME-1	chr3	101827766	101827776	+	17.5309	7.59e-07	0.00161	GGGAATTTCCA
GGGRATTYCCC	MEME-1	chr4	102501309	102501319	+	17.5309	7.59e-07	0.00161	GGGAATTTCCA
GGGRATTYCCC	MEME-1	chr19	1184019	1184029	-	17.2963	9.49e-07	0.00167	TGGAATTTCCC
GGGRATTYCCC	MEME-1	chr5	119397855	119397865	-	17.2963	9.49e-07	0.00167	TGGAATTTCCC
GGGRATTYCCC	MEME-1	chr17	9389222	9389232	-	17.2099	1.27e-06	0.00167	GGGAATTCCCC
GGGRATTYCCC	MEME-1	chr14	93959517	93959527	-	17.2099	1.27e-06	0.00167	GGGAATTCCCC
GGGRATTYCCC	MEME-1	chr10	102394470	102394480	+	17.2099	1.27e-06	0.00167	GGGAATTCCCC
GGGRATTYCCC	MEME-1	chr5	134554973	134554983	-	17.2099	1.27e-06	0.00167	GGGAATTCCCC
GGGRATTYCCC	MEME-1	chr2	207529644	207529654	+	17.2099	1.27e-06	0.00167	GGGAATTCCCC
GGGRATTYCCC	MEME-1	chr1	1215259	1215269	-	16.6049	1.52e-06	0.00167	GGGGATTTCCA
GGGRATTYCCC	MEME-1	chr1	33342557	33342567	+	16.6049	1.52e-06	0.00167	GGGGATTTCCA
GGGRATTYCCC	MEME-1	chr14	35156232	35156242	+	16.6049	1.52e-06	0.00167	GGGGATTTCCA
GGGRATTYCCC	MEME-1	chr14	77034049	77034059	+	16.6049	1.52e-06	0.00167	GGGGATTTCCA
GGGRATTYCCC	MEME-1	chr11	102317283	102317293	-	16.6049	1.52e-06	0.00167	GGGGATTTCCA
GGGRATTYCCC	MEME-1	chr12	111404665	111404675	-	16.6049	1.52e-06	0.00167	GGGGATTTCCA
GGGRATTYCCC	MEME-1	chr19	4831821	4831831	-	16.4815	1.84e-06	0.00188	GGGACTTTCCC
GGGRATTYCCC	MEME-1	chr10	79331906	79331916	-	16.4815	1.84e-06	0.00188	GGGACTTTCCC
GGGRATTYCCC	MEME-1	chr11	34234411	34234421	+	16.3704	2.09e-06	0.002	TGGGATTTCCC
GGGRATTYCCC	MEME-1	chr7	106425165	106425175	+	16.3704	2.09e-06	0.002	TGGGATTTCCC
GGGRATTYCCC	MEME-1	chr2	68467511	68467521	-	16.284	2.65e-06	0.00228	GGGGATTCCCC
GGGRATTYCCC	MEME-1	chr3	109082119	109082129	-	16.284	2.65e-06	0.00228	GGGGATTCCCC
GGGRATTYCCC	MEME-1	chr17	9389223	9389233	+	16.2593	2.9e-06	0.00228	GGGAATTCCCA
GGGRATTYCCC	MEME-1	chr14	93959518	93959528	+	16.2593	2.9e-06	0.00228	GGGAATTCCCA
GGGRATTYCCC	MEME-1	chr10	102394469	102394479	-	16.2593	2.9e-06	0.00228	GGGAATTCCCA
GGGRATTYCCC	MEME-1	chr12	11746220	11746230	+	16.0247	3.15e-06	0.00228	TGGAATTCCCC
GGGRATTYCCC	MEME-1	chr7	26156521	26156531	+	16.0247	3.15e-06	0.00228	TGGAATTCCCC
GGGRATTYCCC	MEME-1	chr1	37477426	37477436	-	16.0247	3.15e-06	0.00228	TGGAATTCCCC
GGGRATTYCCC	MEME-1	chr15	73988201	73988211	+	16.0247	3.15e-06	0.00228	TGGAATTCCCC
GGGRATTYCCC	MEME-1	chr6	137873558	137873568	-	16.0247	3.15e-06	0.00228	TGGAATTCCCC
GGGRATTYCCC	MEME-1	chr19	49897864	49897874	-	16	3.47e-06	0.00239	GGGAGTTTCCC
GGGRATTYCCC	MEME-1	chr12	89960339	89960349	+	16	3.47e-06	0.00239	GGGAGTTTCCC
GGGRATTYCCC	MEME-1	chr6	17706026	17706036	-	15.5556	4.13e-06	0.00255	GGGGCTTTCCC
GGGRATTYCCC	MEME-1	chr17	72422873	72422883	+	15.5556	4.13e-06	0.00255	GGGGCTTTCCC
GGGRATTYCCC	MEME-1	chr10	102394499	102394509	+	15.5556	4.13e-06	0.00255	GGGGCTTTCCC
GGGRATTYCCC	MEME-1	chr14	68795801	68795811	+	15.5309	4.38e-06	0.00255	GGGACTTTCCA
GGGRATTYCCC	MEME-1	chr9	136902566	136902576	-	15.5309	4.38e-06	0.00255	GGGACTTTCCA
GGGRATTYCCC	MEME-1	chr9	136902598	136902608	-	15.5309	4.38e-06	0.00255	GGGACTTTCCA
GGGRATTYCCC	MEME-1	chr5	160468130	160468140	+	15.5309	4.38e-06	0.00255	GGGACTTTCCA
GGGRATTYCCC	MEME-1	chr2	218896663	218896673	+	15.5309	4.38e-06	0.00255	GGGACTTTCCA
GGGRATTYCCC	MEME-1	chr9	136882679	136882689	-	15.3333	4.89e-06	0.00279	GGGGATTCCCA
GGGRATTYCCC	MEME-1	chr17	21287958	21287968	+	15.2099	5.75e-06	0.00305	GGGACTTCCCC
GGGRATTYCCC	MEME-1	chr19	45642594	45642604	-	15.2099	5.75e-06	0.00305	GGGACTTCCCC
GGGRATTYCCC	MEME-1	chr10	79331954	79331964	+	15.2099	5.75e-06	0.00305	GGGACTTCCCC
GGGRATTYCCC	MEME-1	chr12	89960379	89960389	+	15.2099	5.75e-06	0.00305	GGGACTTCCCC
GGGRATTYCCC	MEME-1	chr1	235012031	235012041	+	15.0988	6.07e-06	0.00316	TGGGATTCCCC
GGGRATTYCCC	MEME-1	chr6	3209656	3209666	+	15.0741	6.68e-06	0.00331	TGGAATTCCCA
GGGRATTYCCC	MEME-1	chr11	34234130	34234140	+	15.0741	6.68e-06	0.00331	GGGGGTTTCCC
GGGRATTYCCC	MEME-1	chr19	49678475	49678485	-	15.0741	6.68e-06	0.00331	GGGGGTTTCCC
GGGRATTYCCC	MEME-1	chr17	7687530	7687540	-	14.9383	7.25e-06	0.00347	GGGGTTTTCCC
GGGRATTYCCC	MEME-1	chr6	12013259	12013269	+	14.9383	7.25e-06	0.00347	GGGGTTTTCCC
GGGRATTYCCC	MEME-1	chr9	131729552	131729562	-	14.6049	8.62e-06	0.00396	GGGGCTTTCCA
GGGRATTYCCC	MEME-1	chr11	34234412	34234422	+	14.5926	8.94e-06	0.00396	GGGATTTCCCC
GGGRATTYCCC	MEME-1	chr19	44753446	44753456	-	14.5926	8.94e-06	0.00396	GGGATTTCCCC
GGGRATTYCCC	MEME-1	chr7	106425166	106425176	+	14.5926	8.94e-06	0.00396	GGGATTTCCCC
GGGRATTYCCC	MEME-1	chr5	160467807	160467817	+	14.5926	8.94e-06	0.00396	GGGATTTCCCC
GGGRATTYCCC	MEME-1	chr17	7842678	7842688	-	14.4321	9.19e-06	0.00401	CGGAATTTCCC
GGGRATTYCCC	MEME-1	chr21	33383217	33383227	+	14.3704	9.51e-06	0.00403	TGGGCTTTCCC
GGGRATTYCCC	MEME-1	chr3	119323264	119323274	-	14.3704	9.51e-06	0.00403	TGGGCTTTCCC
GGGRATTYCCC	MEME-1	chr17	72422799	72422809	+	14.3457	1e-05	0.00413	TGGACTTTCCA
GGGRATTYCCC	MEME-1	chr11	96156327	96156337	+	14.3457	1e-05	0.00413	TGGACTTTCCA
GGGRATTYCCC	MEME-1	chr19	44753447	44753457	-	14.2963	1.03e-05	0.00418	AGGGATTTCCC
GGGRATTYCCC	MEME-1	chr11	442194	442204	+	14.1235	1.23e-05	0.0048	GGGGGTTTCCA
GGGRATTYCCC	MEME-1	chr12	104671831	104671841	-	14.1235	1.23e-05	0.0048	GGGGGTTTCCA
GGGRATTYCCC	MEME-1	chr2	207529613	207529623	+	14.1235	1.23e-05	0.0048	GGGGGTTTCCA
GGGRATTYCCC	MEME-1	chr11	442164	442174	-	13.9506	1.31e-05	0.00486	AGGAATTCCCC
GGGRATTYCCC	MEME-1	chr22	17781819	17781829	+	13.9506	1.31e-05	0.00486	AGGAATTCCCC
GGGRATTYCCC	MEME-1	chr4	39044502	39044512	+	13.9506	1.31e-05	0.00486	AGGAATTCCCC
GGGRATTYCCC	MEME-1	chr19	4229191	4229201	+	13.8889	1.34e-05	0.00486	TGGGGTTTCCC
GGGRATTYCCC	MEME-1	chr22	17781909	17781919	+	13.8889	1.34e-05	0.00486	TGGGGTTTCCC
GGGRATTYCCC	MEME-1	chr3	119323281	119323291	-	13.8889	1.34e-05	0.00486	TGGGGTTTCCC
GGGRATTYCCC	MEME-1	chr1	234987736	234987746	-	13.8642	1.36e-05	0.00487	TGGAGTTTCCA
GGGRATTYCCC	MEME-1	chr11	58577607	58577617	-	13.8519	1.39e-05	0.0049	GGGAATTTCCG
GGGRATTYCCC	MEME-1	chr1	31956192	31956202	-	13.7531	1.5e-05	0.00523	TGGGTTTTCCC
GGGRATTYCCC	MEME-1	chr19	4229192	4229202	+	13.6667	1.55e-05	0.00527	GGGGTTTCCCC
GGGRATTYCCC	MEME-1	chr3	119323280	119323290	-	13.6667	1.55e-05	0.00527	GGGGTTTCCCC
GGGRATTYCCC	MEME-1	chr2	28681402	28681412	-	13.642	1.58e-05	0.00527	GGGATTTCCCA
GGGRATTYCCC	MEME-1	chr7	155815469	155815479	-	13.642	1.58e-05	0.00527	GGGATTTCCCA
GGGRATTYCCC	MEME-1	chr11	102317347	102317357	+	13.5432	1.61e-05	0.00531	TGGAGTTCCCC
GGGRATTYCCC	MEME-1	chr5	160467806	160467816	+	13.5062	1.64e-05	0.00536	CGGGATTTCCC
GGGRATTYCCC	MEME-1	chr5	144189961	144189971	-	13.4074	1.71e-05	0.00552	TGGATTTCCCC
GGGRATTYCCC	MEME-1	chr19	45642523	45642533	-	13.3086	1.82e-05	0.00575	GGGGATTTCCT
GGGRATTYCCC	MEME-1	chr1	183318523	183318533	-	13.3086	1.82e-05	0.00575	GGGGATTTCCT
GGGRATTYCCC	MEME-1	chr3	109082133	109082143	+	13.2222	1.85e-05	0.00577	AGGACTTTCCC
GGGRATTYCCC	MEME-1	chr5	134554974	134554984	+	12.963	2.14e-05	0.00662	GGGAATTCCCT
GGGRATTYCCC	MEME-1	chr22	35630070	35630080	+	12.8519	2.27e-05	0.00695	GGGGGTTCCCA
GGGRATTYCCC	MEME-1	chr20	49812619	49812629	+	12.7407	2.32e-05	0.00697	AGGAGTTTCCC
GGGRATTYCCC	MEME-1	chr22	17781910	17781920	+	12.716	2.35e-05	0.00697	GGGGTTTCCCA
GGGRATTYCCC	MEME-1	chr19	49678474	49678484	-	12.716	2.35e-05	0.00697	GGGGTTTCCCA
GGGRATTYCCC	MEME-1	chr9	131729564	131729574	-	12.6173	2.47e-05	0.00725	TGGGGTTCCCC
GGGRATTYCCC	MEME-1	chr2	207529643	207529653	-	12.5802	2.54e-05	0.0074	GGGAATTCCCG
GGGRATTYCCC	MEME-1	chr11	62004655	62004665	+	12.5556	2.57e-05	0.0074	CGGGATTTCCA
GGGRATTYCCC	MEME-1	chr1	183181004	183181014	-	12.1235	2.97e-05	0.00847	GGGCATTCCCA
GGGRATTYCCC	MEME-1	chr12	45727611	45727621	-	12.037	3.03e-05	0.00855	GGGGATTCCCT
GGGRATTYCCC	MEME-1	chr9	93134619	93134629	+	11.5309	3.8e-05	0.0105	GGGTTTTTCCC
GGGRATTYCCC	MEME-1	chr1	183318642	183318652	-	11.5309	3.8e-05	0.0105	GGGTTTTTCCC
GGGRATTYCCC	MEME-1	chr6	137873669	137873679	-	11.5185	3.84e-05	0.0105	TGAAATTTCCC
GGGRATTYCCC	MEME-1	chr19	38899939	38899949	-	11.4321	4.02e-05	0.0105	GGAAATTCCCC
GGGRATTYCCC	MEME-1	chr2	55134031	55134041	-	11.4321	4.02e-05	0.0105	GGAAATTCCCC
GGGRATTYCCC	MEME-1	chr2	64204419	64204429	-	11.4321	4.02e-05	0.0105	GGAAATTCCCC
GGGRATTYCCC	MEME-1	chr12	104930790	104930800	-	11.4321	4.02e-05	0.0105	GGAAATTCCCC
GGGRATTYCCC	MEME-1	chr5	151094234	151094244	-	11.4321	4.02e-05	0.0105	GGAAATTCCCC
GGGRATTYCCC	MEME-1	chr1	234987823	234987833	-	11.4321	4.02e-05	0.0105	GGAAATTCCCC
GGGRATTYCCC	MEME-1	chr20	58306956	58306966	+	11.1605	4.34e-05	0.0112	CGGACTTCCCC
GGGRATTYCCC	MEME-1	chr8	23074826	23074836	-	10.8272	5.06e-05	0.0129	GGGGGTTTCCT
GGGRATTYCCC	MEME-1	chr21	33383254	33383264	-	10.7778	5.09e-05	0.0129	GGGCTTTTCCA
GGGRATTYCCC	MEME-1	chr3	109082120	109082130	+	10.679	5.39e-05	0.0136	GGGAATCCCCC
GGGRATTYCCC	MEME-1	chr19	4229247	4229257	-	10.5432	5.79e-05	0.0143	TGGCTTTTCCC
GGGRATTYCCC	MEME-1	chr12	111404683	111404693	-	10.5432	5.79e-05	0.0143	AGGGGTTCCCC
GGGRATTYCCC	MEME-1	chr11	442165	442175	+	10.4815	6.02e-05	0.0143	GGGAATTCCTA
GGGRATTYCCC	MEME-1	chr1	1215319	1215329	+	10.4815	6.02e-05	0.0143	GGAAATTCCCA
GGGRATTYCCC	MEME-1	chr17	9389259	9389269	-	10.4815	6.02e-05	0.0143	GGAAATTCCCA
GGGRATTYCCC	MEME-1	chr3	101827765	101827775	-	10.4815	6.02e-05	0.0143	GGAAATTCCCA
GGGRATTYCCC	MEME-1	chr4	102501308	102501318	-	10.4815	6.02e-05	0.0143	GGAAATTCCCA
GGGRATTYCCC	MEME-1	chr3	119323263	119323273	-	10.4568	6.1e-05	0.0144	GGGCTTTCCCC
GGGRATTYCCC	MEME-1	chr19	42121907	42121917	+	10.3457	6.29e-05	0.0147	GGGATTTCCCT
GGGRATTYCCC	MEME-1	chr17	7687529	7687539	-	10.2593	6.39e-05	0.0147	GGGTTTTCCCC
GGGRATTYCCC	MEME-1	chr1	31956191	31956201	-	10.2593	6.39e-05	0.0147	GGGTTTTCCCC
GGGRATTYCCC	MEME-1	chr4	102501216	102501226	+	10.2346	6.5e-05	0.0148	CGGGCTTCCCC
GGGRATTYCCC	MEME-1	chr14	35404915	35404925	-	10.2222	6.57e-05	0.0149	GGGAGTTTCTC
GGGRATTYCCC	MEME-1	chr2	55134129	55134139	+	10.0988	6.85e-05	0.0154	GGGCATTTCCT
GGGRATTYCCC	MEME-1	chr21	33383255	33383265	-	9.77778	7.54e-05	0.0168	GGGGCTTTTCC
GGGRATTYCCC	MEME-1	chr14	77034131	77034141	-	9.65432	7.99e-05	0.0177	GGGGCTTCCCG
GGGRATTYCCC	MEME-1	chr21	33383218	33383228	+	9.50617	8.51e-05	0.0186	GGGCTTTCCCA
GGGRATTYCCC	MEME-1	chr6	17706025	17706035	-	9.50617	8.51e-05	0.0186	GGGCTTTCCCA
GGGRATTYCCC	MEME-1	chr11	34234131	34234141	+	9.41975	8.81e-05	0.0191	GGGGTTTCCCT
GGGRATTYCCC	MEME-1	chr6	12013260	12013270	+	9.30864	9.08e-05	0.0195	GGGTTTTCCCA
GGGRATTYCCC	MEME-1	chr14	76961933	76961943	-	9.2716	9.38e-05	0.02	GGGAGTTTTCA
GGGRATTYCCC	MEME-1	chr5	179819165	179819175	+	9.17284	9.52e-05	0.0202	GGGGGTTCCCG
GGGRATTYCCC	MEME-1	chr6	3209605	3209615	-	9	9.99e-05	0.021	GGGACTCTCCA

# FIMO (Find Individual Motif Occurrences): Version 5.0.0 compiled on Jun  8 2018 at 00:22:22
# The format of this file is described at http://meme-suite.org//doc/fimo-output-format.html.
# /home/meme/meme_5.0.0/bin/fimo --parse-genomic-coord --verbosity 1 --oc fimo_out_1 --bgfile ./background --motif GGGRATTYCCC meme_out/meme.xml ./uncentered.fa
